articles-learn	200	/articles-learn/will-my-staking-emissions-rewards-be-automatically-staked	211
blog-author	200	/blog-author/matthew-hine-3	14
blog-category	200	/blog-category/radix-labs	11
blog	200	/blog/foundation-update-moving-to-maintenance-mode	618
blueprints-developers	404	/blueprints-developers/radit	24
careers	200	/careers/senior-qa-automation-engineer	16
categories-developers	404	/categories-developers/stablecoins	11
categories-learn	200	/categories-learn/radix-user-guide	5
projects	200	/projects/rakoon-fun	28
ecosystem-projects	404	/ecosystem-projects/trove	21
ecosystems-developers	404	/ecosystems-developers/eco-9	18
events	200	/events/radix-lisbon-meetup	106
faqs	200	/faqs/what-is-radix	5
featured-on	404	/featured-on/uniswap	7
projects-6-highlighted	200	/projects-6-highlighted/root-finance	8
full-stack-social-comments	200	/full-stack-social-comments/erroll-gnargnar	9
navigation-featured-section	200	/navigation-featured-section/learn-section	3
partners	200	/partners/parner	8
podcast	200	/podcast/debt-is-money-really	5
project-categories	200	/project-categories/dashboard	9
radix-services	200	/radix-services/radix-mobile-wallet	11
radix-opp-services	404	/radix-opp-services/radix-wallet	7
radix-statuses	EMPTY	-	-
radix-opp-statuses	200	/radix-opp-statuses/windows-wallet-ui-laggy-or-unresponsive-until-restarted	36
sub-categories-learn	200	/sub-categories-learn/olympia-general-information	1
team-member	200	/team-member/jules-ratcliffe	25
team-members-learn	404	/team-members-learn/adam-simmons	1
testemonials	404	/testemonials/jamie-diamond	7
tweets	200	/tweets/thomas-gaffney	24
